reddit_id,url,subreddit,label_current,label_name_hint,title,corrected_label,notes
1nxqah6,https://reddit.com/r/chrome/comments/1nxqah6/the_borders_for_websites_are_turning_white/,chrome,1,TPS,the borders for websites are turning white??,,
1qjuc4c,https://reddit.com/r/Android/comments/1qjuc4c/still_dont_have_the_pixel_january_2026_update/,Android,0,TPS,Still don't have the Pixel January 2026 update? You're not alone!,,
1p3x3cx,https://reddit.com/r/MicrosoftEdge/comments/1p3x3cx/most_recent_update_added_this_intrusive_toggle_on/,MicrosoftEdge,1,TPS,Most recent update added this intrusive toggle on my New Tab page. How can I get rid of it?,,
1o0nzld,https://reddit.com/r/comfyui/comments/1o0nzld/after_update_doesnt_work_facedetailer/,comfyui,1,TPS,After update doesn't work FaceDetailer,,
1pe31s2,https://reddit.com/r/comfyui/comments/1pe31s2/qwen_edit_images_looking_like_this_since_updating/,comfyui,1,TPS,Qwen edit images looking like this since updating Comfy,,
1nxiv7z,https://reddit.com/r/comfyui/comments/1nxiv7z/quick_update_fixed_the_chin_issue_instructions/,comfyui,0,TPS,"Quick Update, Fixed the chin issue, Instructions are given in the description",,
1ou2bw0,https://reddit.com/r/Android/comments/1ou2bw0/november_pixel_update_isnt_here_yet_but_verizon/,Android,1,TPS,"November Pixel update isn't here yet, but Verizon just spilled the details",,
1nzlrg8,https://reddit.com/r/Android/comments/1nzlrg8/tarun_vats_on_x_breaking_galaxy_s22_series/,Android,1,TPS,"Tarun Vats on X: ""Breaking ‼️Galaxy S22 Series: Samsung releases the One UI 8 update in Europe""",,
1nze9rs,https://reddit.com/r/neovim/comments/1nze9rs/your_goto_plugin_store_just_got_an_upgrade/,neovim,1,TPS,Your go-to plugin store just got an upgrade — vim.pack support and 5.5k verified entries,,
1ridipg,https://reddit.com/r/godot/comments/1ridipg/been_awhile_since_i_posted_an_update_about_the/,godot,1,TPS,"Been awhile since I posted an update about the skateboarding game, it's mostly been backend work",,
1qqmkro,https://reddit.com/r/transformers/comments/1qqmkro/dna_design_dk80_haslab_omega_prime_upgrade_kit/,transformers,1,TPS,DNA Design DK-80 HasLab Omega Prime Upgrade Kit,,
1nw56v4,https://reddit.com/r/Android/comments/1nw56v4/the_galaxy_s26_series_probably_isnt_getting_a/,Android,1,TPS,The Galaxy S26 series probably isn't getting a selfie camera upgrade either,,
1p9x65b,https://reddit.com/r/Android/comments/1p9x65b/samsung_green_lines_issue_is_back_users_claim/,Android,1,TPS,Samsung green lines issue is back! Users claim issue started after update,,
1o0mf1k,https://reddit.com/r/rustdesk/comments/1o0mf1k/updating_id/,rustdesk,1,TPS,Updating ID,,
1nwcima,https://reddit.com/r/immich/comments/1nwcima/20_version_timeline/,immich,1,TPS,2.0 version timeline?,,
1qwo6w8,https://reddit.com/r/ios/comments/1qwo6w8/appstore_unavailable_after_updated_to_ios_2621/,ios,1,TPS,Appstore unavailable after updated to ios 26.2.1,,
1nwjxmb,https://reddit.com/r/linux/comments/1nwjxmb/ladybird_browser_update_september_2025/,linux,1,TPS,Ladybird browser update (September 2025),,
1oetmbo,https://reddit.com/r/linux/comments/1oetmbo/ubuntu_2510_unattended_upgrades_broken_due_to/,linux,1,TPS,Ubuntu 25.10 Unattended Upgrades Broken Due To Rust Coreutils Bug,,
1nx7zdd,https://reddit.com/r/ansible/comments/1nx7zdd/ansiblepython_fork_issue_reoccurring_since_macos/,ansible,1,TPS,Ansible/Python fork issue reoccurring since macOS 26 upgrade,,
1nubv0g,https://reddit.com/r/chrome/comments/1nubv0g/is_this_legitchrome_update/,chrome,1,TPS,Is this legit??Chrome Update,,
1nzjypu,https://reddit.com/r/transformers/comments/1nzjypu/oc_combiner_wars_overlord/,transformers,1,TPS,[OC] Combiner Wars Overlord,,
1qr98wd,https://reddit.com/r/Android/comments/1qr98wd/android_16_is_on_75_of_devices_in_latest/,Android,1,TPS,Android 16 is on 7.5% of devices in latest distribution numbers update,,
1ry5cbn,https://reddit.com/r/MacOS/comments/1ry5cbn/i_shouldnt_upgrade_should_i_do_i_just_skip_to_the/,MacOS,1,TPS,"I shouldn't upgrade, should I? Do i just skip to the next version after this one?",,
1pf32mo,https://reddit.com/r/windows/comments/1pf32mo/microsoft_wants_to_fix_app_updates_on_windows_11/,windows,1,TPS,Microsoft wants to fix app updates on Windows 11 — previews new update orchestrator platform designed make them invisible,,
1s0pjwp,https://reddit.com/r/transformers/comments/1s0pjwp/what_do_you_guys_do_with_the_older_versions_after/,transformers,1,TPS,What do you guys do with the older versions after you get an updated figure of the character?,,
1qxbmsm,https://reddit.com/r/chrome/comments/1qxbmsm/anyone_else_unable_to_slidemoveorganize_tabs/,chrome,1,TPS,"Anyone else unable to slide/move/organize tabs around in the tab bar rn? T'was fine earlier today, just stopped within the last hour, closed chrome, reopened chrome and it said 'chrome was updated' but still can't move tabs, closed and reopened it to again same issue. Non security updates gotta stop",,
1ov3lw7,https://reddit.com/r/Android/comments/1ov3lw7/chromecast_with_google_tv_4k_gets_its_first_new/,Android,1,TPS,Chromecast with Google TV (4K) gets its first new security update in 10 months,,
1nwek0u,https://reddit.com/r/linux/comments/1nwek0u/should_i_switch_from_windows_10_to_linux/,linux,1,TPS,Should I switch from Windows 10 to Linux?,,
1oi3veh,https://reddit.com/r/Fedora/comments/1oi3veh/unable_to_update_to_fedora_43_if_you_have_wine/,Fedora,1,TPS,Unable to update to fedora 43 if you have wine installed,,
1nubblp,https://reddit.com/r/immich/comments/1nubblp/migration_from_old_storage_configuration/,immich,1,TPS,Migration from Old Storage Configuration,,
1nv9moy,https://reddit.com/r/ansible/comments/1nv9moy/delegate_to_localhost_gives_me_trouble/,ansible,1,TPS,Delegate_to: localhost gives me trouble,,
1s52c8t,https://reddit.com/r/transformers/comments/1s52c8t/missing_link_ultra_magnus_might_be_one_of_my/,transformers,1,TPS,"Missing Link Ultra Magnus might be one of my favorite toys this year, especially after constantly disappointing updates",,
1oi8pv0,https://reddit.com/r/Fedora/comments/1oi8pv0/how_do_i_upgrade_to_fedora_43/,Fedora,1,TPS,how do i upgrade to fedora 43?,,
1of2cda,https://reddit.com/r/Android/comments/1of2cda/nothing_os_40s_latest_beta_update_adds_optional/,Android,1,TPS,Nothing OS 4.0's latest beta update adds optional lock screen ads,,
1noelxs,https://reddit.com/r/Wordpress/comments/1noelxs/upgrading_to_php_83_causing_pages_to_disappear/,Wordpress,1,TPS,Upgrading to PHP 8.3 causing pages to disappear?,,
1nuo3on,https://reddit.com/r/immich/comments/1nuo3on/unable_to_upgrade_to_the_latest_version_server/,immich,1,TPS,Unable to upgrade to the latest version server,,
1nwb2xm,https://reddit.com/r/typescript/comments/1nwb2xm/tsignore_is_almost_always_the_worst_option/,typescript,1,TPS,@ts-ignore is almost always the worst option,,
1nqixzh,https://reddit.com/r/chrome/comments/1nqixzh/my_chrome_randomly_freezes_every_after_a_few/,chrome,1,TPS,My chrome randomly freezes every after a few hours ever since I upgraded my Mac(M1) to MacOS Tahoe,,
1ntcan7,https://reddit.com/r/MacOS/comments/1ntcan7/is_it_supposed_to_be_this_way_or_just_bad_design/,MacOS,1,TPS,Is it supposed to be this way? or just bad design?,,
1o0arcd,https://reddit.com/r/MacOS/comments/1o0arcd/some_welcome_improvements_on_the_new_macos/,MacOS,1,TPS,Some welcome improvements On the new MacOS,,
1o16z1v,https://reddit.com/r/immich/comments/1o16z1v/immich_server_in_container_manager_stopped/,immich,1,TPS,Immich_Server in Container Manager Stopped Unexpectedly constantly after updating to V2.0.0,,
1piwkia,https://reddit.com/r/linux/comments/1piwkia/is_there_a_compelling_reason_for_fedora_to/,linux,1,TPS,"Is there a compelling reason for Fedora to perform updates in this Windows-style manner? Why can’t the system apply updates while it’s running, so that the reboot doesn’t involve any waiting because everything has already been completed?",,
1nx29vh,https://reddit.com/r/Wordpress/comments/1nx29vh/wordpress_autoupdated_for_the_first_time_despite/,Wordpress,1,TPS,Wordpress auto-updated for the first time despite auto-update not being enabled?,,
1nve86b,https://reddit.com/r/Android/comments/1nve86b/more_consumers_are_upgrading_switching_to_galaxy/,Android,1,TPS,"More Consumers are Upgrading, Switching to Galaxy Z Series in the US",,
1ojahew,https://reddit.com/r/linux/comments/1ojahew/bazzite_fall_update_fedora_43_xbox_allies_legion/,linux,1,TPS,"Bazzite Fall Update: Fedora 43, Xbox Allies, Legion Go 2, Nvidia GTX - Bazzite",,
1otknz2,https://reddit.com/r/Bitcoin/comments/1otknz2/cant_be_more_true/,Bitcoin,1,TPS,cant be more true,,
1s3xn24,https://reddit.com/r/Android/comments/1s3xn24/s22_ultra_vs_s23_ultra_vs_s24_ultra_vs_s25_ultra/,Android,1,TPS,"S22 Ultra vs S23 Ultra vs S24 Ultra vs S25 Ultra vs S26 Ultra - (Speed, Speakers, PUBG &amp; Updates) - Matthews Tech",,
1o0sfq3,https://reddit.com/r/FastAPI/comments/1o0sfq3/postgresql_with_alembic_and_psycopg2_psycopg3_or/,FastAPI,1,TPS,"PostgreSQL with Alembic and psycopg2, psycopg3, or asyncpg",,
1qfg43e,https://reddit.com/r/Android/comments/1qfg43e/oneplus_13_gets_50mp_photo_editing_and_bypass/,Android,1,TPS,OnePlus 13 gets 50MP photo editing and bypass charging support with the latest OxygenOS update,,
1nubrx1,https://reddit.com/r/chrome/comments/1nubrx1/if_youve_got_tubeblock_remove_it/,chrome,1,TPS,"If You've Got TubeBlock, remove it!",,
1oi8pv0,https://reddit.com/r/Fedora/comments/1oi8pv0/how_do_i_upgrade_to_fedora_43/,Fedora,0,GDS,how do i upgrade to fedora 43?,,
1oholmk,https://reddit.com/r/Android/comments/1oholmk/original_pixel_watch_gets_october_2025_update/,Android,0,GDS,Original Pixel Watch gets October 2025 update,,
1nwdr3j,https://reddit.com/r/node/comments/1nwdr3j/handling_100k_api_records_in_node_worker_threads/,node,0,GDS,Handling 100k+ API records in Node – worker threads or another approach?,,
1ov9c2u,https://reddit.com/r/Android/comments/1ov9c2u/citron_nintendo_switch_emulator_for_android_gets/,Android,0,GDS,Citron: Nintendo Switch emulator for Android gets updated for better emulation performance,,
1ov6q1j,https://reddit.com/r/Bitcoin/comments/1ov6q1j/you_still_dont_have_enough_bitcoin/,Bitcoin,0,GDS,you still don’t have enough Bitcoin,,
1q2scgj,https://reddit.com/r/linux/comments/1q2scgj/dwipe_making_dd_ifdevzero_ofdevohno_less_risky/,linux,0,GDS,dwipe: Making `dd if=/dev/zero of=/dev/ohno` less risky updated,,
1pzynna,https://reddit.com/r/linux/comments/1pzynna/i_was_given_a_spare_ssd_after_someone_i_know/,linux,0,GDS,I was given a spare SSD after someone I know upgraded their computer. Dual boot here I come!!!,,
1pjdg29,https://reddit.com/r/transformers/comments/1pjdg29/not_bad_for_100/,transformers,0,GDS,Not bad for $100,,
1pvil0j,https://reddit.com/r/Android/comments/1pvil0j/samsung_trifold_durability_test_we_found_the_limit/,Android,0,GDS,Samsung TriFold Durability Test: We found the limit.,,
1p11i6r,https://reddit.com/r/Bitcoin/comments/1p11i6r/if_you_dont_somebody_will/,Bitcoin,0,GDS,"If you don't, somebody will",,
1nqjtia,https://reddit.com/r/Supabase/comments/1nqjtia/can_i_use_any_trigger_to_call_an_edge_function/,Supabase,0,GDS,Can I use any trigger to call an edge function when a user is registered and then verified?,,
1p7su0a,https://reddit.com/r/Android/comments/1p7su0a/official_oxygenos_16_rollout_schedule/,Android,0,GDS,Official OxygenOS 16 rollout schedule,,
1nnvsoh,https://reddit.com/r/chrome/comments/1nnvsoh/google_search_engine_not_working/,chrome,0,GDS,Google Search Engine not working,,
1s4927w,https://reddit.com/r/HomeNetworking/comments/1s4927w/if_aint_broke_dont_fix_it/,HomeNetworking,0,GDS,If ain’t broke don’t fix it,,
1p87dzf,https://reddit.com/r/linux/comments/1p87dzf/a_new_version_of_cde_was_released/,linux,0,GDS,A new version of CDE was released.,,
1noj60v,https://reddit.com/r/Bitcoin/comments/1noj60v/i_was_about_to_reset_an_older_phone_and_there_was/,Bitcoin,0,GDS,"I was about to reset an older phone, and there was still a tab open...",,
1p52prs,https://reddit.com/r/transformers/comments/1p52prs/micronus_isnt_so_small_anymore/,transformers,0,GDS,Micronus isn't so small anymore,,
1pqrraz,https://reddit.com/r/Bitcoin/comments/1pqrraz/lol/,Bitcoin,0,GDS,LOL,,
1oualta,https://reddit.com/r/firefox/comments/1oualta/firefox_1450_see_all_new_features_updates_and/,firefox,0,GDS,"Firefox 145.0, See All New Features, Updates and Fixes",,
1qh5yro,https://reddit.com/r/Bitcoin/comments/1qh5yro/lol/,Bitcoin,0,GDS,Lol,,
1nzjcnc,https://reddit.com/r/transformers/comments/1nzjcnc/mtmte_optimus_prime_megatron_pics/,transformers,0,GDS,MTMTE Optimus Prime &amp; Megatron pics!,,
1ppl4nv,https://reddit.com/r/Bitcoin/comments/1ppl4nv/cant_be_unseen/,Bitcoin,0,GDS,Can't be unseen,,
1pib08s,https://reddit.com/r/Bitcoin/comments/1pib08s/whats_going_on/,Bitcoin,0,GDS,What’s going on?,,
1qs1plt,https://reddit.com/r/transformers/comments/1qs1plt/nemesis_optimus_prime_acquired/,transformers,0,GDS,Nemesis Optimus Prime acquired 😀,,
1qqvc44,https://reddit.com/r/union/comments/1qqvc44/wga_staff_authorizes_a_strike_accuses_guild/,union,0,GDS,"WGA Staff Authorizes a Strike, Accuses Guild Leaders of Bargaining in Bad Faith",,
1p8xi84,https://reddit.com/r/union/comments/1p8xi84/despite_trumps_best_efforts_to_reshore/,union,0,GDS,"Despite Trump's best efforts to reshore manufacturing, blue-collar employment is plunging for the first time since the pandemic with 59,000 lost jobs",,
1q2smca,https://reddit.com/r/Bitcoin/comments/1q2smca/never_fails/,Bitcoin,0,GDS,Never fails…,,
1nwjxmb,https://reddit.com/r/linux/comments/1nwjxmb/ladybird_browser_update_september_2025/,linux,0,GDS,Ladybird browser update (September 2025),,
1ovc3af,https://reddit.com/r/transformers/comments/1ovc3af/skybound_26_this_cant_end_well/,transformers,0,GDS,[Skybound #26] This can’t end well,,
1ocelwz,https://reddit.com/r/Android/comments/1ocelwz/google_wallet_adding_live_updates_support_for/,Android,0,GDS,"Google Wallet adding Live Updates support for flights, trains",,
1nt732d,https://reddit.com/r/MacOS/comments/1nt732d/when_you_are_forced_to_use_windows_what_macos/,MacOS,0,GDS,"When you are forced to use Windows, what MacOS feature do you miss the most?",,
1osqjus,https://reddit.com/r/godot/comments/1osqjus/godots_shader_preview_punishing_bad_code_crashing/,godot,0,GDS,"Godot's shader preview punishing bad code, crashing computer",,
1rllhyo,https://reddit.com/r/java/comments/1rllhyo/eclipse_glassfish_this_isnt_your_fathers_glassfish/,java,0,GDS,Eclipse GlassFish: This Isn’t Your Father’s GlassFish,,
1ntnu85,https://reddit.com/r/MacOS/comments/1ntnu85/macos_tahoe_2601_released/,MacOS,0,GDS,macOS Tahoe 26.0.1 Released,,
1ng1kyr,https://reddit.com/r/thrive/comments/1ng1kyr/thrive_progress_update_91325/,thrive,0,GDS,Thrive Progress Update 9/13/25,,
1po2zw1,https://reddit.com/r/Android/comments/1po2zw1/whats_new_in_androids_december_2025_google_system/,Android,0,GDS,What’s new in Android's December 2025 Google System Updates,,
1nnq16o,https://reddit.com/r/Wordpress/comments/1nnq16o/new_link_goes_to_an_old_page_that_doesnt_excist/,Wordpress,0,GDS,New link goes to an old page that doesn’t excist anymore,,
1nv5675,https://reddit.com/r/tailwindcss/comments/1nv5675/tailwind_bento_design/,tailwindcss,0,GDS,Tailwind bento design,,
1rukwdn,https://reddit.com/r/transformers/comments/1rukwdn/the_masterpiece_optimus_prime_trinity/,transformers,0,GDS,The Masterpiece Optimus Prime Trinity,,
1oq5n9g,https://reddit.com/r/Bitcoin/comments/1oq5n9g/christmas_discount_starting/,Bitcoin,0,GDS,Christmas Discount starting,,
1nwdopn,https://reddit.com/r/Wordpress/comments/1nwdopn/replacement_for_mailchimp_andor_newsletter_glue/,Wordpress,0,GDS,Replacement for Mailchimp (and/or Newsletter Glue) for email distribution,,
1pjd02r,https://reddit.com/r/Bitcoin/comments/1pjd02r/fed_goes_brrrrrrrrrrr_again/,Bitcoin,0,GDS,Fed goes brrrrrrrrrrr again,,
1r1trqp,https://reddit.com/r/Bitcoin/comments/1r1trqp/the_bear_will_break_60k_but_do_not_fear_itll_give/,Bitcoin,0,GDS,"The bear will break 60k, but do not fear, it'll give us time to accumulate more sats per dollar",,
1nt3yn3,https://reddit.com/r/github/comments/1nt3yn3/excuse_me_wtf/,github,0,GDS,Excuse me? WTF?,,
1op2x91,https://reddit.com/r/Bitcoin/comments/1op2x91/5_years_ago_today/,Bitcoin,0,GDS,5 years ago today,,
1rjw7oe,https://reddit.com/r/Android/comments/1rjw7oe/i_upgraded_the_samsung_trifold_battery_by_71/,Android,0,GDS,I upgraded the Samsung Trifold battery by 71%! - using the HONOR Silicon-Carbon batteries - Strange Parts,,
1o1kd6r,https://reddit.com/r/comfyui/comments/1o1kd6r/i_got_tired_of_my_comfyui_breaking_every_time_i/,comfyui,0,GDS,"I got tired of my ComfyUI breaking every time I added a node or update a package, so I wrote a Powershell script to put an end to it.",,
1qjvmr5,https://reddit.com/r/Bitcoin/comments/1qjvmr5/lol/,Bitcoin,0,GDS,lol,,
1pes6i4,https://reddit.com/r/Android/comments/1pes6i4/xperia_1_viii_tipped_to_launch_with_major_200_mp/,Android,0,GDS,Xperia 1 VIII tipped to launch with major 200 MP camera upgrade but not the Sony sensor you may think,,
1nrjstu,https://reddit.com/r/neovim/comments/1nrjstu/gc_turns_into_g_if_i_wait_a_second/,neovim,0,GDS,&lt;gc&gt; turns into &lt;g@&gt; if I wait a second,,
